id,name,created_at,updated_at
1,Crowsnest,2014-09-06 15:00:00 UTC,2014-09-06 15:00:00 UTC
2,FlipboardProxy,2014-09-06 15:00:00 UTC,2014-09-06 15:00:00 UTC
3,FriendFeedBot,2014-09-06 15:00:00 UTC,2014-09-06 15:00:00 UTC
4,Google-HTTP-Java-Client,2014-09-06 15:00:00 UTC,2014-09-06 15:00:00 UTC
5,Livelapbot,2014-09-06 15:00:00 UTC,2014-09-06 15:00:00 UTC
6,MetaURI API,2014-09-06 15:00:00 UTC,2014-09-06 15:00:00 UTC
7,PaperLiBot,2014-09-06 15:00:00 UTC,2014-09-06 15:00:00 UTC
8,ShowyouBot,2014-09-06 15:00:00 UTC,2014-09-06 15:00:00 UTC
9,Twitterbot,2014-09-06 15:00:00 UTC,2014-09-06 15:00:00 UTC
10,Yahoo! Slurp,2014-09-06 15:00:00 UTC,2014-09-06 15:00:00 UTC
